Size, k_1, t_1, k_4, t_4, k_8, t_8, k_16, t_16
100, 18, 0.000513, 18, 0.000406, 18, 0.000465, 18, 0.000651
500, 18, 0.013565, 18, 0.005242, 18, 0.003265, 18, 0.031040
1000, 18, 0.054924, 18, 0.015916, 18, 0.011015, 18, 0.010429
1500, 18, 0.116337, 18, 0.052013, 18, 0.039262, 18, 0.043395
2000, 18, 0.217834, 18, 0.106291, 18, 0.083386, 18, 0.099138
