Size, k_1, t_1, k_4, t_4, k_8, t_8, k_16, t_16
100, 18, 0.000514, 18, 0.000461, 18, 0.000461, 18, 0.000639
500, 18, 0.013756, 18, 0.004280, 18, 0.003257, 18, 0.053397
1000, 18, 0.059154, 18, 0.017922, 18, 0.010869, 18, 0.013606
1500, 18, 0.117011, 18, 0.052390, 18, 0.038573, 18, 0.042688
2000, 18, 0.218842, 18, 0.109862, 18, 0.082988, 18, 0.096800
